"area1","area2","overlap"
0.717470761363984,0.894819934485895,0.60618240751207
1.0161322656113,0.93007337479321,0.421789905490146
0.742558075595298,0.699922895437339,0.397107654075782
1.07938758406908,0.879599466758009,0.563035941277883
1.16250569743715,0.851939269017748,0.637962186957728
0.953620158212289,0.820532682490921,0.416668645040652
0.840444935979576,0.68590451781256,0.247721004552141
1.15846139188125,0.781138859036218,0.649159498207845
0.868470893320591,1.10417487422819,0.591048411140087
0.898948188386385,1.13500579110041,0.449420508962527
0.77350772882528,0.85479529598706,0.0369432991998744
0.764088834540416,0.826702504561581,0.311867582692971
0.936848418923546,1.16875213451203,0.272356455477086
0.905828947749796,0.826142825033457,0.176930882341206
0.978185100195333,0.799355968475538,0.65970094054784
1.00251722426947,0.831903254545978,0.344979331528113
0.909892318544735,1.00675023071744,0.401093412120369
0.981403721765673,0.823862098139216,0.309242093137943
0.713751791571667,0.918863173939826,0.189064709905471
0.779509275523196,0.869580408487309,0.354117028797321
1.0333851840478,0.994895020505282,0.302254695336277
1.12860008431289,0.643960001656524,0.441066520729633
1.20139265477428,0.691000565011564,0.221104198533251
1.43785613318687,0.821454696864748,0.539735014571039
0.831650467821419,0.915673838331713,0.479941149314497
0.973210098060918,0.714415109649053,0.631829101005089
0.958058793336022,0.740170246343041,0.505981378326684
0.773089397639524,0.672491213874309,0.31037606438675
0.702833276246565,0.793803269687487,0.311180877382211
0.96032428122453,0.923583597099423,0.659217378226628
1.01776500634787,1.15213502079951,0.68230689054764
1.03138582558768,0.750160091383805,0.55315794535357
0.862222872793609,0.878317721380881,0.403754098129032
0.653360236565277,0.764492064385195,0.290585266804673
0.960109409255892,0.761781068787968,0.325148770181776
1.24417867502143,1.17880950102608,1.02021693950646
1.08664107087588,0.95129426720905,0.694695998760672
0.968693629853988,1.08754955377481,0.771740817727061
0.886889467295987,0.606237052550568,0.419393182566044
1.0225449712334,0.809362054111261,0.182258165367809
0.700559258333669,0.751079514287994,0.35629661696693
1.09269845061044,0.909656956708204,0.355994128529321
0.976585487914235,1.01975664146448,0.740550959128277
0.981886006586137,0.819375551683152,0.731876989916034
0.942672793938982,1.08987505831374,0.591622929897429
0.747076256896435,0.785376157908104,0.179591879327107
1.24138601732557,0.926231727959021,0.503527102017175
1.3134131213701,1.02324235310243,0.469956557818125
0.74984804705673,0.911223179335138,0.109390250813948
1.04117768878405,0.991219663806987,0.467018955911183
1.30068926323747,1.27028963941666,0.83118387917678
1.22469505060963,0.914840719517088,0.174056764280093
1.24801120172106,0.911663310900622,0.615770651319895
0.924078381174695,1.14730596602567,0.631594828508221
1.27099218566218,0.654930028867966,0.272384762216994
1.02774401581974,0.765905720332739,0.25488162631574
1.06934247329445,0.850077425267955,0.340351818290032
0.797597798033166,0.942733188541752,0.429612856728948
0.755277088967887,1.27135358986197,0.384977305533119
1.1661150259315,0.800497218511737,0.0555493295607189
0.883653349111228,0.963404284760145,0.411551670950028
0.917434309889359,0.83338114165872,0.524788031764558
1.10784956103726,1.24110527735684,0.779698667041497
1.05175317047178,0.716564048536384,0.33839859244043
0.801466416923176,1.06835223711278,0.699524352701479
1.21255152886897,1.00927924785174,0.622300151258
0.758471108579215,0.963831819074585,0.363245602682777
0.666181491616953,0.875044622621317,0.521342548237864
0.85017819823679,0.769394659978389,0.657519731214779
0.854475742388786,0.732596294283212,0.354981368011322
1.37790853838396,0.97147191914155,0.26408189024323
1.01243343249735,0.822093900878826,0.30799059078311
0.902277501609206,1.06242230544922,0.481028090251614
0.80338413958907,1.15625382173675,0.542109253962004
1.04673465623273,0.836623601461724,0.334649084238799
1.06503814177995,0.852188573835519,0.431393067696708
1.09474261440937,1.03716486033045,0.63582804595164
0.866838612520951,0.914283424901441,0.098913522974181
1.19071838099171,0.941005320410113,0.5866011850233
1.82826248299534,0.933611715438019,0.682162077492223
0.918007766164919,0.828086550231092,0.409713825468647
1.40308770767115,0.707822434900663,0.707822434901718
1.03435024851751,1.01549737170171,0.593638192841453
0.546875126496161,0.943302625668366,0.163695974613926
1.26438153116487,0.865138255464444,0.65298280678494
1.01476848759285,0.851243950106436,0.255501005656009
1.11551590246472,0.837938200354074,0.544233432568025
1.0022476107315,1.01150153818253,0.71306465039621
1.11130214511286,0.970009023772946,0.58379756515556
1.20611033703335,0.799682560180372,0.402299411007032
0.943197582186258,1.00130742854708,0.419458838766771
0.938737332292476,0.827429067455341,0.502563874318214
1.01744360062276,1.00358999616947,0.452839218775397
0.847667373049262,1.02249683382615,0.317202088283493
1.02475527977185,0.912813040930814,0.609845749062504
0.912224049524411,1.03804159759966,0.657330215252269
1.60027859846832,0.878160019954521,0.596700279088714
0.789692325614851,0.928956817710059,0.262000811544488
0.661864779396637,0.902778884183135,0.503561341540095
0.655831642878184,1.12919510332904,0.555928989927885
0.915112789148225,0.883700535603566,0.39572501736816
0.78515571735079,0.80081571131177,0.600519757489952
0.980844501470528,0.852290377477402,0.771876102415551
0.832363138481924,0.809342312364606,0.265772897837742
1.03430617322192,0.928189493568425,0.60986286452744
0.880972955936159,0.668917279803281,0.307181369418895
0.903150106883004,0.891445486897283,0.687470941551013
1.06940084922371,0.900858429056825,0.106067913145299
0.788191005039153,0.761355905015989,0.52964940858759
1.09045270528259,0.703941856581878,0.305871578203225
0.979528601913444,1.17713884173099,0.463172867634695
1.15250368499073,1.00677679476848,0.567272146672331
0.948070281961918,0.890613848701832,0.479329868252675
1.10820731119566,0.84911163542165,0.610195495580364
0.838201469377054,0.71897396946224,0.377551809995709
0.865561548997903,1.00508464746326,0.625636762081923
0.859785660306443,0.836326692515286,0.273849754391562
1.03200148560427,1.0776244333565,0.682889287519762
0.977427110103235,0.87021212793843,0.693326338726918
1.01325297227322,0.754997860030016,0.521885729003799
1.15573590489566,0.804749869153966,0.528804525209549
1.24089873767662,0.751341173776382,0.538549169020361
0.718235405027372,0.849367382642413,0.278902359856602
0.789375060961902,0.882763530695229,0.577379078992649
0.746951159620949,0.935415135743824,0.362144999559449
0.925153139738541,0.986757382022915,0.332608430046862
1.08431813930474,0.792761708780745,0.363192475180664
1.14574602585799,0.884213631139573,0.4243555803992
0.92417726914573,0.67494842569613,0.16069552902998
0.755589585011876,0.864920890006942,0.400221699450837
1.00568646714419,1.00542586827942,0.670765942494669
0.748715295106194,0.779589786394354,0.355075046498294
0.829977920338933,0.92482811687114,0.433079726101336
0.729891224144012,0.832301106976047,0.426443393173107
0.786220924260306,0.838740650646287,0.275783594346796
1.63419346040064,0.917325384314609,0.674685475507597
1.03272490668041,0.848728431205018,0.633455887463935
1.06332668566483,0.801546718066675,0.0386144149608152
0.776404041305796,0.975492724209289,0.499154900957013
1.14439155110085,0.771007592460592,0.394809732108703
0.673592279191325,0.96152487499603,0.391996219839565
0.949191674680151,0.800260849583537,0.611997088873359
0.922013827514093,1.00542639443483,0.48093796260851
0.78238691030765,1.02142049669419,0.467437631685767
0.765875963106737,0.929176224865842,0.53209342881496
0.678877075088167,1.0952944372566,0.606051337998166
0.678099146780369,0.806847566808756,0.560521460993535
0.660408140944128,1.03623679906104,0.543206044660366
0.894304165974063,0.834994738862406,0.560307298964133
1.18248051671799,0.809863778853469,0.636024601028682
0.926038084603533,1.370873936301,0.582780826489043
0.77623964146278,0.771576697115961,0.560968097862957
1.0661117920472,0.80439154258238,0.524392771561357
0.699366137683683,0.825880634027271,0.0268187875965501
0.972795665796184,1.00329296532436,0.488104109036934
1.00065277742669,0.966014823557998,0.577506722715848
1.06451207595273,0.94532279543273,0.539883358103727
0.752807133887472,0.91099457661312,0.29189666102682
1.16571285855753,0.979346742000416,0.539571168252026
0.920776804338857,0.875183745178219,0.324791499356408
0.974414420345056,1.06512740431026,0.406418178988802
0.891540011461984,0.831729795649153,0.147203060291809
1.19125524972151,0.910719767962291,0.382585903874091
0.930824406993452,0.89635908539276,0.458641527708333
0.683743916501044,0.979587272661774,0.530739827358495
0.868760381583343,0.995339986598992,0.323766179590721
0.659484985291783,0.751992670766413,0.462937886760054
0.934673551390006,1.18942311390401,0.892711501144668
1.01571375132607,0.675001738603896,0.366146591657559
0.693299629017019,0.749280251089658,0.288813530609281
1.06006499790146,0.927541801544066,0.614034915258837
0.976052389264623,0.745080679573221,0.574074822817743
0.708468194863599,0.885626663788571,0.230854875049828
0.801934087365225,1.06410852704903,0.450953118458464
1.043699989591,0.781176921883343,0.279205160744958
0.845608084477135,0.889476132620985,0.0507635858428681
1.14736313366393,0.796686796154063,0.359381648355086
1.32278473659426,0.855037297238596,0.229785783361355
1.25517043247601,0.977664188179006,0.582376461696194
0.719215081248876,0.945336523798687,0.361377587832198
0.875859456571561,1.15329316500902,0.679042980916441
0.777320349087859,1.1757529475617,0.475029684087541
0.753638710792984,0.810139887689729,0.621974168338294
1.22479638648292,0.812005945746932,0.500358393814213
0.899320121814526,0.768871312081501,0.431083525303035
1.78941053529979,1.04230186096902,0.751934969315728
1.12071380639554,0.868177733238554,0.414475734495348
0.95365370237414,0.657528120209463,0.153919262872605
1.08449246783312,1.07641264361428,0.961727141875516
1.13948313135006,0.966288487199563,0.259593611331968
1.17685166708543,0.811442415441888,0.310627353774239
1.32980113061058,0.844989297943357,0.0122627013762215
1.19706851675437,0.958597159606143,0.545024526212001
0.931756170227345,0.657789659389891,0.144721024785584
0.970633869332232,0.988586025432596,0.253383199006247
1.10722476325827,0.747599801070464,0.578546942830053
0.69367329398392,0.76521239315116,0.414406914084223
1.45177552269888,1.02705978927042,0.59592388019582
0.768318380919482,0.98035213397452,0.436113086015359
1.03381114153945,0.80937153508421,0.534726035138457
0.817577741463538,0.812522104157324,0.196200176044367
0.868891316606096,0.965527900552843,0.582884651506901
1.13516562763016,0.772147893101646,0.644339476813449
0.88275637525112,0.817102789811543,0.408863019499813
1.05219573494742,1.18041982360774,0.586166552921329
0.601453172961556,1.15503810007067,0.105865146209286
1.10114631524993,0.793513904030988,0.45403095252171
1.00785176680347,0.891291774523779,0.629330511085113
1.10878906619564,0.944995406210182,0.565859889784238
0.833752369334434,0.989344482954039,0.514145942100665
0.976794957655329,0.842825439691296,0.534067745589487
0.947580141112667,1.16110065085195,0.179735940656884
1.13181002656893,0.903600244160771,0.387084800459938
0.984941288812479,0.997863159523149,0.332015086029417
0.920652330328267,1.08444111822246,0.263456160443375
0.7111825918264,0.898301099372475,0.436617347381935
0.932941486479649,1.02209242083336,0.242219575158132
0.855103472220435,0.759956185830561,0.456330036783509
0.818419231096414,0.805800616461056,0.431800743352319
0.990306454204074,0.989252650902927,0.52644454116133
1.05661021469678,0.891647387739795,0.67528512974549
1.00996603987551,0.842299089888911,0.448345127469815
1.04805128595854,0.708505278793382,0.437523196348198
0.915105801404025,0.894322352454765,0.350183588821443
1.1162000037657,0.85620359531822,0.476775839196009
1.00034389802568,0.712078411947914,0.347820118380617
1.02760957037117,1.05983638492398,0.239792167243656
1.00247113881323,0.984870738579048,0.522291364451552
1.54651925893268,1.07398060289506,0.400928050491874
0.900734457981343,1.24467338663817,0.466749068256398
0.851264954945691,1.04347862188843,0.215404873553557
0.811826359008592,1.07052277142793,0.437611908857828
1.02893955873424,1.17733489592865,0.277156644782155
1.30907331151775,1.15554135347065,0.15057415506119
0.853057861092566,0.956908669783843,0.617606783786424
0.799316562859531,1.03624535348354,0.309470615163494
1.22177602243119,0.794994021534876,0.397876590736104
0.992826819729999,0.687184175074435,0.276667857315522
1.04092666754332,0.725582732631665,0.265258852637655
0.969740460198409,0.850800392581732,0.323597285793825
1.09677511194695,0.996383530744424,0.448790198549069
0.80746812552843,0.803603054517225,0.0387724662696372
1.28501916098776,0.685542280791196,0.202176464426928
0.866603226412735,0.911445428193474,0.611628333117994
1.16975411030489,1.00133607099451,0.481998598333808
1.3663592637231,0.760896619025516,0.378575823670688
0.921133171810652,0.751611677736037,0.33857115181516
1.08357812284339,1.01715889585284,0.609888034629219
1.06181682243732,0.746727401127828,0.573851272676704
1.27221297008873,0.767989677713558,0.0767470319341688
0.799075346229074,0.893440984133122,0.562838179609574
0.80626102711085,0.637273575362087,0.33548899794954
0.676792939158076,1.21006908072013,0.478608687113777
0.69291779725063,0.795852671861212,0.32054261892575
0.770646523614232,0.71829238457758,0.23460103440172
0.890894461119387,0.904354986108956,0.476523329836247
0.843976102068154,1.01547296376157,0.327925735460283
1.06121641326354,1.20098105948546,0.612894683096026
0.851260796091992,0.853579532527874,0.687143604386476
1.67508116302633,0.955647199429222,0.84576142907455
0.897060113648877,1.06150509770123,0.205720485999843
0.859830481911558,1.09872748119506,0.751517378940332
0.877576093746029,0.994553989715314,0.673948669633595
1.60105796849621,1.09083721625393,0.661822921762827
0.750164989191944,0.969050333532323,0.440435266866551
0.955676631280767,0.991889138741499,0.513498692906288
1.20391103371367,0.822508588964411,0.293588837972235
1.14914156655777,0.92940051372716,0.595097002147922
0.955364186139377,0.827651296562181,0.128026914642792
1.32159136510927,0.819411006270457,0.497833923774651
1.43141513058526,0.771551923542575,0.148805468481579
0.65074623955843,1.0855918486568,0.507962600158675
0.88460200625741,0.881509960605399,0.407842359190679
1.12245658071515,0.818074059257924,0.261815277217932
0.715964544091548,0.995620817177041,0.435045557207095
1.13667842058567,0.860319050705584,0.580219131045071
0.769830627226838,0.739553979616176,0.208815820646204
0.887844189946009,0.764380078662725,0.549554552562222
1.053734622501,0.826787552906353,0.365413258318147
0.926910451593358,0.877583147072073,0.528438608781491
1.13868345644823,0.69708942608122,0.583390062973701
0.867453673266937,0.955316692907218,0.484501941369397
1.13216344560351,0.794026193054378,0.586355822786058
0.584706721493603,0.996051908289701,0.496483863312483
0.583258659253261,0.855793561731844,0.470755468519766
0.848435843308835,0.775227427064237,0.431341707218594
0.868503902329394,0.973756186592254,0.620572354533873
0.806444609551363,0.673879941477935,0.287603917432388
0.584647028869767,0.99871371763038,0.292236045597687
1.34784425815269,0.832510503420963,0.668878676314516
1.10300977300358,0.898803048398804,0.75883162731546
0.821378156641003,0.891788726499726,0.245055421128815
0.860107902841264,1.02807410153218,0.533748038838872
0.840452117516179,1.1773065612706,0.252671860433961
1.18792859447876,1.01244987976315,0.413332490059212
1.05789539021771,0.741483685844287,0.216172499799445
1.05696620309845,1.07853759387763,0.645699937188574
0.892958040329177,1.12177018715738,0.568169137827624
1.05580246376121,1.10439835938905,0.48826094612864
0.798108809922269,0.982643047209422,0.380124666960096
0.855455047587384,0.891862341220985,0.525393770131303
0.897286900632025,0.70596747637137,0.562101180729214
0.964235684091364,0.922756744979779,0.482285086372574
0.994807558605316,1.0431677008819,0.622081790924407
0.799527930881595,1.15415450127239,0.583119207471952
0.97299523892525,1.08442589201059,0.573973945803547
0.801360416951866,0.725286971772221,0.55423204727594
1.14451746403756,0.893217762065433,0.5431737506107
0.847542121989136,0.804819675780891,0.38928462017388
0.838274611390261,1.14036234221021,0.311556557892824
0.869908689116528,0.846835197391556,0.416209398405474
0.63134375896243,1.02921469952526,0.352965340457677
1.04799190854737,1.1819444786679,0.289842540993103
1.01529422908698,0.816518081850518,0.358391878345136
0.893810240653693,0.833166680562499,0.219055642687813
1.00770011250188,0.839291462286383,0.382142878080814
1.27181601760094,0.834925100971304,0.658108141068217
0.877508708343157,0.816363498860483,0.463507246213307
0.888113805352077,0.717580532850661,0.396927441223449
1.00549008379585,0.84396105153337,0.431679519311983
0.871046503588332,0.858745933233877,0.554204171282025
1.50434154554569,0.893286029785486,0.75308733190421
0.688518499345264,0.874960175805427,0.603690860823973
0.984777958215091,1.08586636698055,0.406634115884892
0.863616098925377,1.02822200410083,0.516256490426413
0.817031399771622,0.845239004363975,0.456199078444696
0.996897541885119,0.791494095188682,0.549972078404152
0.801993810908243,0.741815219576893,0.237271601302997
0.909227288328111,0.779955210287881,0.35148845692441
1.03179727484167,0.964195065624153,0.262936068368243
0.591319250113884,0.803444228414264,0.205811870872586
0.816671201670033,0.950353524680395,0.377527692610734
0.861937156294516,0.775690990512885,0.232041072207067
0.83448816305463,0.952013024691041,0.288868484014457
0.998842976950073,1.18469253274998,0.492377523182274
0.616775848486213,0.932021004840863,0.0575131998466835
0.790421943378533,1.14680236233471,0.493734049215272
1.25723859597201,1.09009019316545,0.497551378460053
0.9001631522342,0.815714519552785,0.524248080474367
0.74038618146551,0.860883233875029,0.442481864191664
1.28823736716367,0.950151565830311,0.515061177257583
1.05956401166532,0.90513194027335,0.214620327751641
0.894655398572468,0.848872522064994,0.426080261414574
1.02788299871372,0.846316860590377,0.24958734187353
0.969024444703791,0.729155327127955,0.344960595991176
1.13341915705678,1.23306410918485,0.609504530300234
0.784199124901534,0.837681191395859,0.395881964576415
1.11763624256309,0.929757239799983,0.2995661378341
0.965363014111063,0.943438622447502,0.153476821865545
0.993852956016781,0.709460284615488,0.0495597862638194
1.02038044848814,0.751586586011399,0.252801804924916
1.22259846605084,0.868454454403945,0.51795626523853
1.33540221728981,1.04830607529402,0.294823034913233
0.912644572839781,0.817558118709712,0.520203034088032
1.12906075518185,0.821542058458363,0.266213847843947
1.14372701547836,0.824062459486413,0.365229270659971
1.33345519798058,0.971561782028402,0.891823634425904
1.20503199070208,0.934757693143183,0.566358592024973
0.908164922935612,0.851022426037161,0.257901678031859
0.908055757026887,0.989746399242904,0.266258109428427
0.882323148269279,1.23192040234608,0.77589496292382
1.10750397352331,1.1184611577446,0.505751968160006
1.09227371211637,0.8094538116693,0.359464283010729
0.881368409020979,0.852695342095103,0.361790683405615
1.38666058227773,0.868542895891551,0.671860626472409
0.93598118488535,0.83820530272169,0.395610077696281
0.930847498285402,0.83605987903502,0.511740469675648
0.883743515574679,0.929800189314847,0.695093915930941
0.873707654469399,1.02697390200592,0.317375300619772
0.777366340991648,0.713697853864687,0.551455687462452
0.850749024036304,0.669106909212132,0.408681037567232
1.25079795033344,0.557754354671488,0.479991338041143
0.662276796720107,0.772789038592236,0.539661999782411
0.94327000796784,0.955999299273572,0.501364244157276
1.06383053665286,1.04235674564552,0.6951735404082
1.13798777917691,0.791542312821548,0.490998239448042
0.810549709445695,0.758209253979658,0.181339801369392
0.94282829934582,0.924457513094239,0.548854800420633
0.794672889492176,1.08979884664313,0.585479055802544
1.04166945408269,0.785203250039558,0.138627862245396
1.01313658249455,0.917791253170435,0.182085220975653
0.924118404741421,1.08202171975427,0.360010045227614
1.68028009178943,0.866931066767393,0.861124983226748
1.16929603698645,0.96487001616515,0.23524991613104
1.0737884815444,0.820797726481942,0.299084379938948
1.0279214831844,0.762404803621394,0.374617596597907
0.732166391665487,0.694179494657874,0.337391678683063
0.931337375224757,0.768183843094448,0.442322840493625
0.913347218130184,0.82144928305388,0.573800209656975
0.862039750628355,0.766808715326079,0.59664233501113
0.916859597972689,0.973504427556691,0.511570382760141
1.04595352006254,0.796203659318053,0.661709319114415
0.969406566477119,0.903935767938492,0.46725721474474
1.03459296392157,0.852465161154214,0.714244796165429
1.11542996257594,1.15132629987056,0.656758109694324
1.03126689196142,0.956751354402513,0.431318426681756
1.04921709841256,0.943793322392594,0.00837724789953423
1.00554112452028,1.02658856078597,0.552238809683828
0.898233621539475,1.05366145745029,0.607378615477203
1.0532385180004,0.715828845070064,0.472313608614241
1.14951469289645,0.645498139918345,0.627721822207234
1.15716312683617,1.00525513754656,0.153056804037085
0.916729410328117,0.859677393839775,0.524444344104405
0.973827612989226,0.831409592679847,0.126664018400798
0.984863847064844,0.837845105890665,0.385817325963914
0.729257251186937,0.860258734086528,0.240350581246658
0.881313094763755,0.728292505018544,0.210793283948698
1.01299589640075,0.842019034800614,0.317154694315313
0.887987761453587,0.822610547645127,0.196268231129478
0.878240507922783,0.928561062844892,0.283269977016763
0.804132800737534,0.894705434335265,0.404112356557591
1.18289177956558,0.805265794516345,0.445873157398128
0.91508881270147,0.866192714735007,0.6567401998454
1.10465638473943,1.05748061432678,0.231600641778124
1.12822020386557,0.747696812997674,0.305427888279182
1.37110787850725,1.00818651063491,0.500931449193394
0.884374676033985,0.914601435669283,0.216240621625844
1.19185970174203,0.889393803074199,0.581336525320303
1.11653813278372,0.991372001348282,0.287153670358559
0.784085671891262,0.987218604836016,0.511699175573743
0.766870256883522,0.840579188472475,0.41161553208977
1.07784548653763,0.94886451081311,0.544876195284515
0.953860923191314,0.691183586150146,0.409407615038223
0.875916344642974,0.743474472539674,0.28255946680566
0.825218823517389,0.966986823113984,0.322099750081109
0.717105318929498,0.845466536232379,0.25507048556751
0.826627091899354,0.982654403485867,0.489877849653949
0.949008655113175,0.902885761466678,0.326724328440838
0.721814478789383,0.922925951250363,0.573872748100417
0.886532628192981,0.906406835069902,0.462830024359193
0.741002221802773,1.10814705101347,0.580497793758645
1.08853630641624,0.769844849784931,0.732668280151981
1.18082551109183,0.813635193484515,0.221868680666514
0.890638882442545,1.0031788968281,0.480110580647053
0.937906025195844,0.861588572490291,0.619335641978631
0.859576872207072,1.00712008426945,0.559047062167193
1.40770376953787,0.857190278627968,0.418090848368932
1.05623654122064,0.954858263083224,0.693955953227238
1.02696305530299,1.1520370453236,0.639939751747128
0.96076860116591,0.816000655577227,0.66440436739359
0.905104453603599,0.759897978492518,0.59784979177239
1.09310905832353,0.789169430636321,0.721333972869479
0.798319754389922,0.74808234064767,0.455381205456249
0.757471526920199,0.71768862074623,0.429992104242207
1.05611936699097,1.10477824345071,0.427136404107179
0.783170067365972,1.11404237554598,0.238903628266603
0.963742719149195,1.00373168614897,0.665094230190996
0.799137972984681,0.914684829887847,0.306739808583237
1.26641105617728,0.915182965029089,0.671248426894682
1.04660521306414,0.83908873015389,0.314903353471463
1.39862777277631,0.819645271247282,0.442496518272082
0.690080642590146,0.877478365473507,0.331807129878794
0.976607373137995,0.833442218909113,0.536541209947514
0.610553255189188,0.923131171564819,0.160193397356075
1.09603335275006,0.77058147529533,0.328299354192546
0.924305210953207,0.939243291369166,0.547760956085808
0.844072715958646,0.839887778465709,0.405633029247169
1.1603630758018,0.788696817799064,0.479592866858645
1.02612941385814,1.11843799971757,0.777106744700972
0.945290121282596,0.815964658455414,0.522576751841364
1.10330233935383,0.885344109405196,0.470291888634175
0.796906812434827,1.3248921695822,0.762928785441591
0.814981490008904,0.854751995887455,0.241224077870684
0.786962201032111,1.03893523987881,0.723146954001644
1.34394438926574,0.995154646323499,0.302972694940234
1.06769710021126,0.754134655178859,0.613517399899984
0.819738162361318,0.999607299025229,0.544131897001274
0.783047130297746,1.01798193932154,0.40071751702035
0.933432266927412,0.885195551218203,0.479234494726546
0.97487907071536,0.726449313922785,0.449966808443241
0.869244915281342,0.889567336247637,0.552851491194837
0.915701547706703,0.725908679087297,0.217044566642573
1.52038381814964,0.758550594327971,0.354914604167477
0.919340231263959,0.869307760522133,0.688646010754149
0.803652759323086,0.910164421836271,0.491014492893018
1.15503018576601,0.809961451991512,0.098952999832478
1.41331302854542,0.704968843127062,0.0388799182725455
0.924853354819788,0.666073485530433,0.245564187200248
0.694281598085581,0.631745784492523,0.368798991699506
0.94306578531814,0.70292141986647,0.541402112392127
1.27149395821925,0.902465302738165,0.39261271074272
0.891320962991813,0.833311677789425,0.511294495594446
0.803894375640084,1.03217489046801,0.331408813926819
0.793780599747151,1.10423592540155,0.486575381511737
0.863592688730932,0.71397172280922,0.106441577740712
0.876218621038788,0.788414382786868,0.614532852429187
1.71139783088711,0.803729401888631,0.431400439822887
1.01747037609312,1.03391777719116,0.17248327771804
0.600538987531763,0.961687678231101,0.283986010596756
0.929326566372765,0.773877369376351,0.250404327100333
1.10118776248055,1.1935669926861,0.48739036076913
0.955771975745847,1.20601695212463,0.682601789416592
0.711590562435958,0.758398673331612,0.313527371433422
1.16708937343628,0.953404784653685,0.601360855836899
0.944816833880395,0.725351799523196,0.328281604842413
1.43209652721634,0.85362285814881,0.598369450313349
1.31045244004781,0.760141329631551,0.356985801092271
1.0115830509294,0.89349264539851,0.266030697537893
1.06791695786887,0.96494696024638,0.709557453561576
1.11171687672413,0.754914556724543,0.392480186381975
0.790280978486408,0.831135096555954,0.212744314878016
0.904118673285666,0.995377118741999,0.699311634538698
0.529430557858177,0.814849317199332,0.37350444621483
0.898457346611394,0.798443073856106,0.664755669358776
0.984040188343897,0.595099192385533,0.529844559623496
0.988059887632517,0.850804709551994,0.508908002390293
0.929455388121823,0.987847162918115,0.31571375635835
0.964051568705145,0.827613436222236,0.366410822101404
1.2654835543326,0.862304170015705,0.343409395713308
1.23653633138383,1.18726290943232,0.460392553522075
0.830095637730665,1.02796285542172,0.682667050216776
1.03163880114153,0.788036873513192,0.302014644780598
1.09471149069304,0.737876356205561,8.97177297731755e-18
1.10629555048126,1.11685307752578,0.742950940501698
0.915899434204221,0.774316429447936,0.444123935976399
1.043672983943,0.972729681827332,0.678598189374858
0.725408175847406,0.870259146019634,0.402713636563318
0.870834306725556,1.04010198802098,0.253062814910053
0.839001853430091,0.674561323255148,0.301722377269629
1.36047326370772,0.969493685091948,0.283897288573177
1.02524529221591,0.991048231941932,0.6173859715059
0.896234493482552,0.779281300145158,0.111877689804177
1.45987852096732,1.11973450616097,0.33282528493825
1.2495803552747,0.69919505830967,0.380830380490346
0.835874936297841,0.932424475927291,0.524163391068112
1.00902005937678,0.851566296565579,0.464912325321636
0.916265921225204,0.982476746551583,0.314876795661489
0.914126910224695,0.930526562948216,0.243379326979458
0.944925253529618,0.836414286906802,0.417228649341697
1.11244682883716,1.22467141541256,0.266678929308856
0.739449902113847,0.84664511990195,0.617735865255757
0.884887979078485,0.754169138663201,0.470894087658139
0.804577920606789,0.835361315279442,0.103951176049945
0.905063071295444,0.947269527295248,0.679331736222027
0.812822390770634,0.812725223961934,0.626042638139581
0.88260697368878,0.839342244972613,0.477769599290937
0.717273200996715,0.993516118211119,0.568097294947651
0.933941743684045,0.804786867503935,0.676804975174292
0.913696819033248,0.952677430182121,0.369509254823552
0.95612082300886,0.847892744663113,0.244946822737929
0.817807535427164,0.810277658682026,0.512041896732867
0.637685162177149,0.878133184762191,0.404262625629067
1.01578768911713,0.633850142832671,0.403995407376466
0.982609068162674,0.71864703713436,0.268584787686867
1.16943963333233,0.764371209602359,0.397290668958766
0.785929161957938,0.838099648172829,0.533068413252873
0.86169704490294,0.902713536070223,0.24687863016579
1.15400287503144,0.93578365657595,0.333637540326041
1.14384187610267,0.773385983095068,0.417188933546904
0.921457177374577,0.755104591281452,0.434109857968909
0.948363834590054,0.851872567224746,0.477991737618797
0.823897909136576,0.840023557313543,0.335618507941968
1.22482057338584,0.96357496904966,0.41756941796057
1.14314052551617,0.810205378071259,0.181906937295961
0.727242193349412,0.844800196899087,0.369457145575569
1.32011979457366,0.749110234311956,0.284508602382105
0.793531355146115,0.776021331463198,0.32004620271648
1.04668257922276,1.05987105225449,0.636670015662153
1.03430405569634,0.691176539925436,0.525167208764653
0.845040433684517,0.864352619249985,0.387857780948681
0.821431211466916,0.678906018576527,0.328180422650329
0.794872871640109,0.876949318243533,0.524051166909596
0.886819937240034,0.915326355015168,0.497205265979274
0.919922606643013,0.712983010394964,0.342124081875446
1.05923039391291,0.855667395813725,0.148923149842927
1.00816084084181,0.87604376215495,0.566658402652494
0.900216312974408,0.871836654869185,0.312393137757153
0.784841968040382,0.905260951974924,0.550193140831887
0.941325504312772,0.755548852484935,0.276005748057141
1.07256373061864,0.836986478077961,0.494185777060964
0.833476260878342,1.30207578859881,0.380393871311186
1.29058367015568,0.862120017316556,0.508007995761108
0.752852542678738,0.795973404782671,0.594924876520037
1.23438425868517,0.811029353511913,0.532249065766836
0.809178875145335,0.81525510600477,0.400889013268544
0.939872363430368,0.917127748325584,0.450679549062827
0.947694517409218,0.901979858503182,0.676592654788987
0.825885081830165,1.03365208903233,0.112508851961162
1.02918498366944,0.85597364818932,0.543163409104444
0.821621642284299,0.813369930931003,0.310940458364832
1.05022325113168,1.01495411620635,0.777495809397142
0.838183352760097,0.750915032727789,0.290872452318599
1.25950671510418,0.669428157329094,0.130369978762917
1.04379930708092,0.953690175905649,0.581048370794853
1.15969805508576,1.03935757732143,0.564444500777758
1.03075786850422,0.948112738242344,0.22416777291772
1.10330184306258,0.914977480407288,0.0315221075035936
0.808767053204974,0.749316287239708,0.10884235360053
0.871841557595872,1.14450982466678,0.363615061195173
0.627807466536069,1.13036148087576,0.090929913357461
0.770547919374621,0.812648965993503,0.391352063582699
0.942940709909635,1.00290083774962,0.315377079345959
0.958553501018287,0.858645627034093,0.55916874849696
1.28895268344695,0.826204240456718,0.693145589310525
0.82234563887414,0.798315419172468,0.480564403040946
0.899692057160792,0.884403179114088,0.380697842228252
1.5046964457888,0.826627636118246,0.670148541449402
0.832730163596352,0.984850593802548,0.598946900463166
0.686114400560655,1.38723726795615,0.0990404014202329
0.866126318121132,0.95562807796432,0.543152022050112
0.69205571695511,0.986457656588755,0.542247189855825
0.675648185881073,1.01711421118762,0.623821998023435
0.999464413792339,0.694159253805992,0.179217718976275
1.07139240044762,0.767197765247147,0.575802978890271
1.41746970318218,0.72987877084779,0.68665604004686
1.05703358475967,0.793702210474294,0.560165780099116
0.972455267071382,0.684290263056027,0.36242558624593
0.693507201935063,0.903435162593269,0.562631846607513
1.03765738504535,1.00856815194857,0.674162741245536
1.23459586119316,0.593615777611376,0.585995200301432
0.962006897157153,1.20296896515629,0.516259676972157
1.41347405143279,0.82230006043028,0.586229052399516
0.865701670726594,1.10600171706392,0.609896916966914
0.831462679834658,0.900573168946721,0.51675443120373
1.25153812341523,0.92488093386055,0.774647037100868
0.876803921551073,0.989565176951146,0.137374345328493
0.590271098966696,1.01208718455018,0.146500220559474
0.961689415018554,0.773182185104815,0.328456020203807
0.868826935680772,0.831268854903101,0.360761545999996
1.08718012339887,1.09275993436677,0.538617749747808
0.795445566341186,0.807293703712276,0.364961051330218
0.956873851469936,0.93244281780062,0.688978522151216
0.887422926319232,0.625899542041225,0.253455617994119
0.94656793987815,0.782102467923323,0.399701964924554
0.99683546405322,1.33919899731336,0.705429144864803
1.37161953228588,0.99177908110687,0.525629028321159
0.915155053268791,0.770246047782166,0.66664336218229
0.86975269317827,1.16187280463237,0.459131375186944
0.854823567733547,0.876749628222569,0.455451499574336
1.3439097036362,0.800775331948898,0.226808347093243
0.961162851656809,0.996503821121223,0.710248029231476
0.827271764123907,0.863471815770026,0.142499865261909
1.12386796037936,0.732346931971733,0.42352465987515
0.861935833297139,0.827912500851198,0.427089516620178
0.748982164752306,0.996176077498603,0.489075248245215
1.04891614699227,1.25668542369931,0.543708100135679
0.931380066328529,0.993204476859319,0.378356530176926
0.978665553080646,0.914276808016439,0.184779707617567
1.03289122258866,0.844405981004456,0.283214518776404
0.889783828298278,0.959159801408532,0.481199355372653
1.17738944182292,1.01246903223728,0.214270610921387
0.962811616436738,0.909135322464863,0.689113430046922
0.840956864889449,0.772064110234169,0.160430852827541
0.942985655588018,0.896052424288428,0.4680316544333
1.10947545468298,0.795667733634218,0.490586275392598
1.1905935682189,0.89220617815954,0.357918151100344
0.754648041770452,0.934503574716473,0.431176680137398
0.760295844059328,1.05418070523956,0.576246506265833
0.718788073590986,0.744128033562447,0.482136482300097
0.882078474195623,0.874361140327892,0.373335920615197
0.947134933797315,0.801001207029913,0.59358633189039
0.867949791360843,1.00766862610544,0.318279707344514
0.719321063347707,0.8852116527014,0.277258429380912
1.33052571469034,0.692504107395507,0.109123008735686
1.26984361380255,0.883196066282835,0.512761126164016
0.592328572240149,0.852649510903575,0.160549361403417
0.937037478649472,0.979374700811604,0.582230698794098
0.961408886347272,0.927758449268367,0.0422324243478451
0.729177879296913,0.939009949114734,0.413033516443141
1.01443859072697,0.900546920203851,0.595332412207318
0.879400904795148,0.930752752386979,0.437925818868699
0.941442814506445,1.00897958531277,0.497450663741071
1.01234418480271,0.944101997821235,0.289024837414389
0.983522985939089,1.10756089445022,0.723994298418187
0.868248027440131,1.06687962750402,0.602587659376144
1.23474118086961,0.884406668796146,0.696029038771093
1.07139968550109,0.713543620014207,0.230627270590122
1.02139132986122,0.870297728903097,0.662298846596914
0.760628092059051,1.05489570153804,0.406431854072489
0.730719147125455,1.00055869643984,0.569306218977022
0.950538159463576,0.74231842579411,0.521161246343975
1.10529003875854,0.929359802461477,0.733736614400558
1.04773231475883,0.920307140983823,0.515172221722417
1.10401641985209,0.673770259170851,0.376366223380551
0.829325491522468,0.839113697646098,0.0991142902687473
1.00877273632886,1.07167997884972,0.177404681311421
0.911923783699422,0.830627006434952,0.553336899525884
1.14419255340999,1.04908259652439,0.389225843957632
1.10742510980526,0.940642365015265,0.652568972756284
1.18087661283516,0.827782388127162,0.748224971982191
0.99641228847031,0.673991699602993,0.364377690618924
0.719685807936912,0.933259319512217,0.361672126986753
0.697962221291164,1.02507551369126,0.508403452732327
0.735047163600029,0.863379614243968,0.614381022460215
1.15450088671514,0.922537258305965,0.574608576507634
0.866372779124504,0.678207997667414,0.0307468464961687
0.985554583144221,0.776700338964474,0.649372828422387
0.784858488936152,0.885278261291205,0.500150167545218
0.805931399718247,0.95353681659617,0.47721148457786
0.924757950023377,0.950449760710399,0.32813642167124
0.996188002972303,0.843998063131949,0.482243978238337
1.11772311230834,0.839664468607225,0
1.30331045533967,1.02143360288392,0.567169733930141
0.773293618914977,0.888280553723234,0.152939427432942
0.833140881776671,0.890075685279953,0.387057292628205
0.752648957615747,0.683294061465858,0.49477872021945
0.80778085239308,0.811951325764312,0.527413390477589
1.15059566830223,0.802937257591111,0.505752209667162
0.76259276458768,0.778280747151257,0.523532899456095
1.01856465807487,0.851427032479478,0.575492006279156
0.898181415490399,0.880507780204425,0.559060395484527
0.794919104294422,0.845531032458894,0.619313563343873
0.74878927377631,0.889691454857712,0.514865280246239
0.971659741488111,0.806099862256815,0.195047046005999
1.09409591851818,0.860579646784572,0.381677061461109
1.03020718336757,0.987658052998086,0.588309785265526
0.864362450841327,0.726624364235249,0.345669595422177
0.583549086596577,0.938012660091772,0.130020486556933
0.878046761723454,1.09991121042822,0.697095495853225
0.890584418270919,0.69193175829696,0.387563883103187
1.0880061276348,0.752500367083485,0.446154829249672
0.745214703983038,0.982455694949749,0.241334153058451
0.730166164090406,0.625815079039967,0.209975345960139
1.02756380315168,0.857357838238386,0.339671876940659
0.86281120815147,0.861869440401279,0.520355176009955
0.680986789298913,1.04544605081719,0.116259167989268
0.828577473786936,0.85108768036207,0.514800912113798
0.927576331123419,0.941640825086324,0.333654538721404
0.823205230213716,0.972740646633611,0.149316976003538
1.15255433291986,0.82999685820505,0.561698559179057
0.874229787372315,0.795155983993936,0.118325854680784
0.850359717483116,1.07620062079513,0.524034386416394
0.754689720239185,0.778264001211028,0.539856387982014
1.04464218397061,0.883155524080394,0.555315004764881
1.0972570522581,1.01126457206192,0.208408888212476
0.845204193019526,0.750874193054187,0.49053729243146
0.844854404372199,0.829673355412524,0.676583006049624
0.832618590143284,0.863171713581323,0.593123789789066
1.21614908522588,0.935381773311747,0.315029992205183
0.851340309064653,0.778541045495331,0.612936768998564
0.869683891858585,0.791277840843577,0.444908212283951
0.731501630061757,0.936372266421131,0.429714118137565
1.12151406215526,0.845174257794497,0.616523853484938
0.922338183833745,0.915518012108805,0.520411683740183
1.26668418391637,0.637446999729946,0.314909581969731
1.00402437770845,0.752033305045188,0.286245346740802
0.864528161836461,0.773629832874576,0.331878814669163
1.02574899222327,1.04180559494671,0.387106295465816
0.764185658214956,1.26940211678448,0.66553355274324
1.03756446182251,0.830444609267943,0.545781419234439
0.844864697288358,0.926352857928578,0.40163771613113
0.832276062348683,0.821094859656114,0.388137073154716
0.892131264593445,0.765216036628772,0.22732646633524
1.14545087297756,0.75242670820171,0.571079090723202
0.796150313723047,0.938335243448819,0.47705336179826
0.989631604993519,0.910432589331322,0.647749767107448
1.20466707256492,0.820932273647486,0.252557978461585
0.774754542874689,0.799858737793329,0.50382917659794
0.874063434525851,0.811051534803482,0.49952685096553
1.07658448018992,0.995853393083962,0.705402181145949
1.25627176438411,0.870365143670824,0.65794999742936
0.638744774640145,0.891119142982461,0.448967190980242
0.95271944866181,1.01941632643047,0.365141731262906
1.05024929431602,0.959805202321149,0.339418112516142
1.03848293086412,0.996097894783816,0.328544218067429
0.80561187832518,0.88214253915794,0.264584170994919
1.07834309368991,0.902939707892074,0.695171971125455
0.59759975804991,0.829851585646793,0.291145884770345
1.24018029333001,0.742406718454731,0.326770721815123
0.950388887319605,0.68167723397255,0.590653540477213
0.778013560265208,0.982678277168816,0.0951682399912177
1.00971698530066,0.744232475489298,0.540803849669321
1.16936879317018,1.09362802761916,0.641046736875553
0.912375101814177,0.746141010384235,0.258982802819034
1.13554360722082,1.06041042364814,0.654379327650124
1.12382883802638,1.07103333900704,0.787015208445484
0.933820587269111,0.696113895064627,0.041815322324902
1.17740830404819,0.840362548289704,0.698999229061612
1.11535156788341,0.864667223844663,0.470622314519026
0.724408441525156,0.879032528935568,0.53588956502138
1.01776617845189,0.852543567847533,0.333341135076274
1.13547279363775,0.790005989701058,0.493088575709331
0.836532032578361,0.840031377474588,0.684098740411632
0.930745067708813,1.16229719345665,0.743233469148277
0.93838390631845,0.933423476609278,0.257789565388861
1.4176362528633,1.07991257879621,0.400193435483202
1.15496897997218,1.01733051508927,0.617694661934386
1.53713126278944,0.91740528198261,0.753687264450996
1.37067457073135,1.02834927944241,0.821802680978031
0.891706981134121,1.11142228621793,0.514638167795127
0.949334485427244,0.692146152864552,0.345108805190841
0.982608756885384,0.834543292838134,0.256283713392436
1.53577935403882,0.834457252788525,0.598743060610863
0.979557581983499,0.920778439559399,0.477915438333591
0.972899190451244,1.07424176627137,0.276212080216366
1.08239000996673,0.813536773292071,0.18450465445773
0.876084356228603,0.993421486223269,0.314592692321654
1.09258997698817,1.05491191313467,0.696877876718842
1.06308297229862,1.09475699517407,0.426287023236343
0.762502350999057,0.827764229718014,0.260362828250868
0.92592514629996,0.929259176906271,0.183933536201329
0.995904135093042,1.22856892610889,0.471540859216186
1.1109032480781,0.945849693613127,0.131253527656614
0.993815064857699,1.01091211358016,0.720835382182436
0.89078499275638,0.996873758262154,0.105024930141549
0.958162087686105,0.92148430141151,0.353613420561686
1.10514848789899,0.740557735372931,0.403044271484216
0.977280176099157,0.815335358750417,0.0503735379886113
0.881482849181339,0.72562439356625,0.579712104194817
0.864350524177098,0.915585305741843,0.575471434833844
1.02157737970174,0.99114550998911,0.563636559534172
0.790660525673957,0.918809828966914,0.404467599542891
0.651360081617895,0.771990938819727,0.512690406795051
0.714864781059987,0.953906863240263,0.311901613956089
0.848196543355698,0.767059814383174,0.527884575353186
0.954432274481405,0.908748925370674,0.486236821876104
0.906487055138314,0.740273677511141,0.42602606857779
1.07212432475717,0.827845102401625,0.422174611448265
1.01442118805153,0.960520245777843,0.476714918258043
0.77741106375197,0.796304830589179,0.492314528071357
1.029852625079,0.907251693687613,0.872083309000127
0.977690085616814,0.722188806264967,0.535016128557922
0.803272929784725,0.959308396727465,0.502627425113971
0.809042639663858,0.845046699123486,0.308925048091489
0.809040313632977,0.847877832831728,0.477317354667682
0.866793280884849,0.843163199117043,0.519214186319753
0.988769156288981,0.717693379524462,0.302417801745439
0.830393254596856,0.870463927650235,0.62943615129457
1.3216568719954,1.16216771853033,0.145473817118221
1.4913961997263,0.756168151003294,0.584623582529946
1.04697803617273,0.7684686056582,0.198450837685415
0.926223611479145,0.993723741217764,0.364899177623981
1.27339354021569,0.581149776780876,0.247234324998836
1.19985792586613,1.20342678057023,0.845462213229702
0.877723466523094,1.18516900465147,0.14389703021374
1.00494203097605,0.716690207188549,0.270787857424062
0.885515947199565,0.977285848429347,0.733830889115127
0.840380710835234,0.571585130241147,0.163455720522912
0.86057437011641,0.743344480735686,0.583133161482354
0.825885650247983,0.933961861370335,0.428259655727238
1.0367002026278,1.08648004490897,0.408001390132907
0.92237257729721,0.978515474079359,0.243350705176967
1.0058068704966,0.78269924232518,0.328623527158867
1.2237180294369,0.895827733584156,0.177867640632581
0.762046147789079,0.770117422873227,0.0528216858188393
0.9587536547333,1.40081791858211,0.461709519230224
0.937379487372709,0.985642951613954,0.443617917548944
0.954244596213357,0.820246292458251,0.666054994054968
1.25198318769708,1.1794788179277,0.733542340923153
1.11335815951497,0.782483946910361,0.284285006880297
0.797388636285177,0.904896702664701,0.217981854687725
0.678864560429247,0.897362888390489,0.478992442885644
0.870894310389303,0.870555428939042,0.555960153565778
0.908390201637303,0.753128427850243,0.481306299555356
0.720030526056689,0.797216684878549,0.482207115275653
0.819448756680686,1.00292543413525,0.463060289602548
0.847844671817256,0.878781950773373,0.473945623945779
1.06604697561124,0.764275404786531,0.240372262362492
0.775425371434721,0.848501628981467,0.349920376643785
0.933345655049379,0.975996046277942,0.57978530507747
1.02399934465029,0.951762074668295,0.307514580578005
0.726784169494749,1.03879208888429,0.158059197609015
0.887163121506092,0.846071026106074,0.598412068241145
1.06416817033369,0.783117380566182,0.502173888412637
0.880975429528917,0.997869993978384,0.6161212280218
1.30480480608185,1.01046211863468,0.58143681169139
1.10958424080764,1.08314589708425,0.455298006702244
0.86680565264669,1.34460025482076,0.288462092217227
0.918108465029036,0.683796220211661,0.265381716447615
0.993244979975316,0.828237552697829,0.578855266484357
1.06182102002367,0.784382841713523,0.617633622006396
0.896132549453796,0.80943551882774,0.219514442451178
0.87939385453592,0.727668339890442,0.629343104105128
0.970583994321714,0.85410787235196,0.290721323866422
1.05797618108863,1.1697982523774,0.670932763268262
0.657689861018298,0.816916466675139,0.196022019018346
1.32609086580396,1.14977504340368,0.887790886063586
1.26529455678156,1.03386542843509,0.654169186635928
0.618275241965421,1.07298387299306,0.208427990046136
0.710047173982275,0.967954553696472,0.205672939014175
1.00696745441564,1.02110477536644,0.539299600307012
0.888364817721595,0.896879754176553,0.271912332854987
1.04326392928033,0.734310540712613,0.636614994869334
0.81391303320197,0.970502830527039,0.35574816229208
1.18666883989681,1.27129027780393,0.651236708911637
0.872977163835458,0.94173562355536,0.236433180798979
0.832330980490951,0.869901554453463,0.184487849502072
1.090244796359,0.623976047811993,0.160486260444358
0.788951801943767,0.866443229122524,0.393621100440982
0.87370202303191,1.25581232375953,0.645782349481039
1.05788614762241,1.04437486605093,0.568021097747445
0.869013523226386,1.14003483356919,0.454063774727632
1.27166415067404,0.740002431304674,0.664162812805727
1.28131789676172,0.799530379914358,0.737226958105003
1.02299841163676,0.724455929156647,0.380293912591432
1.315817711009,0.850827438720444,0.519649846422763
0.809054305520476,0.820822137649884,0.449029121878915
1.02800771768671,0.924307680540551,0.555985107571623
1.34576856769036,0.746781512149937,0.723139288322186
0.77284440686708,1.14805688832348,0.189627932820027
0.774340988328731,1.22675829257605,0.522862144793572
1.05106265256109,0.867600907005908,0.33589732539816
0.957821542197962,0.889846239224426,0.163214802988322
0.897788492333348,0.89533522806596,0.393342719122779
0.744902650401855,0.753304069352453,0.0603637476995441
0.685160590230225,0.70608631822688,0.188442435056128
0.843406092943042,0.892998500939939,0.383041238608367
0.886667026833493,0.920397949643302,0.466485690798362
0.857518979052657,0.949768758175196,0.381150199695358
1.15055097538789,1.05368938802167,0.593471771683066
1.0067852304428,0.972115903516169,0.513705040938555
1.0101199029541,1.14565440380647,0.785682795967579
1.06893109721932,0.924807153833171,0.319013286374122
0.898470466627259,0.902993519497613,0.455929616602217
1.26204716897246,0.850161703392587,0.358153529559067
0.886781779109697,0.746088195694028,0.221004293477033
0.778854353026873,1.01874030633735,0.264973032248049
1.10819507369615,0.863981413085639,0.608731405021402
0.957769396120057,0.640981937691322,0.215326674971661
0.839762764118859,0.762686036771811,0.460244935361695
1.06220344243047,0.934044297033324,0.280210611465235
1.04392258971529,1.04604418942108,0.60387331367644
1.15716007209267,0.708101996080586,0.141273122884587
1.42115651013592,1.04454159247689,0.74156019103513
0.89584102441313,0.811110941911465,0.320861827118013
0.763483013279256,0.744011186988246,0.46089778667469
0.966776139072863,1.06860123387833,0.532464276059765
0.928827766020731,0.974870967323113,0.167411397365972
0.676872211012778,0.922722124414577,0.301512237401236
1.01801801795682,0.976668724291812,0.262714292730489
1.08899995450338,1.07096833324977,0.577504134995298
0.808901757870444,0.985063229756634,0.323944803358071
0.786793090026549,0.804011086083847,0.207517350177882
1.21773766753267,0.891926316120589,0.296045783418536
0.926736982971306,1.02223498336753,0.430316447406183
0.775428106568143,1.01064439235324,0.666545259035285
1.03338239997902,0.617148325920425,0.159173258077609
1.21259940109212,0.868300677977459,0.613591589502275
1.54490503149646,0.793413190791398,0.680237737488853
1.16287511455539,0.992422745574004,0.28437043896284
0.768597817457703,1.09156296906076,0.456187650153583
1.07114693113908,0.884897818468744,0.407325836620906
0.838016390192024,0.922176182761177,0.572365793479552
1.33226619778088,1.21125729136202,0.636285436586575
1.04297579965896,0.866947505548524,0.18612771243824
0.782882159452129,0.761846609844724,0.365184555168871
1.25716319426738,0.716229177416608,0.327086897635293
0.988916840180536,0.748067346950847,0.551173625419654
0.769017027434529,0.88686659054656,0.164056572718655
0.661545947108607,1.15682439373086,0.409506540070996
1.03153401999498,1.09715024876459,0.439463309940994
0.844591093950839,1.05291202929948,0.676987343525257
0.84092654840606,0.675372668734781,0.0369888055665913
1.29922378676292,0.886844296332129,0.465795290908031
1.2230901535022,0.692661156537724,0.692661156534912
0.952800811551242,0.909935140894959,0.344229556563795
0.889124017718132,0.928107967734832,0.321261561606175
0.895936697014804,0.803119730407161,0.438504056049129
0.819182651594929,0.87975557644495,0.20833739593385
0.763052554028036,0.923557725276623,0.395388123751389
0.892628264347877,1.33584607552802,0.74275636352213
0.784971940389369,0.879964102179656,0.232773141513442
0.754600675200891,1.10776948848797,0.577594767355014
0.807928449004976,0.876353683009256,0.587411600917868
1.03043651664575,0.879021085173008,0.531561476197373
1.4281595179018,0.777766916427936,0.284080307770272
1.01945187079036,0.820366785213992,0.629201429010946
0.899733831410231,1.00835349209046,0.163410532757035
0.844167026823925,1.09274911385546,0.659491056819519
1.17542863331801,1.04379621381304,0.409976308804116
0.804101490178255,0.8000981976802,0.0445523908912599
0.840322450272652,0.897278502395238,0.455632160592897
1.14529461669645,0.894310520618092,0.192793893656661
0.677863868515487,1.07875879958283,0.65501293171976
1.14625688332671,0.906101830893022,0.357184261366726
0.675523442117992,0.931572787294499,0.377508306655664
0.924062640669035,0.858012051598052,0.339538089113698
0.921177866855032,0.962110218129965,0.552799946995408
1.21976472752613,0.756598241179745,0.601330217458243
0.768217191284748,0.908397939481802,0.336271909260468
1.21157303528071,0.896433942762087,0.597413758598681
1.31514112765763,0.840916135760381,0.730653976265589
0.705270472533812,0.90013380569053,0.365142001128897
1.01498735833957,0.911018711331963,0.787941107199009
0.914273415271964,0.796384905957893,0.465665043513092
0.805115934702371,0.869068614307253,0.148487121557557
0.750623422525678,0.809184754151829,0.417580723738077
0.735773874514962,0.791492394209854,0.377967814505789
0.948472819917697,0.777117097313749,0.457701555886441
1.77829121604464,1.04772386062359,1.02935697363734
0.994467503935994,0.849309719658777,0.286948197363421
0.597988127741701,0.837743109677831,0.187081709397413
0.880225461060945,0.781733668617562,0.429357013369401
0.855896219671195,0.734930017435545,8.40256683676266e-19
1.05181438725413,0.808332362355031,0.358124166779736
0.817903355928138,1.06715597432958,0.616388944381951
1.06114982844429,0.850582927449068,0.247440002753702
1.02070531509435,0.931042951260679,0.672424069889435
1.22239770365468,1.25809734164068,0.389048343824245
0.858968787849335,0.719323235173761,0.345138838425873
0.998107463739871,0.857897499767205,0.590870687093682
0.953501881736884,0.894518511924616,0.40830470701772
1.02322924433156,0.835558417036737,0.402578977820515
1.67427845699149,1.1214911935549,1.02918703832134
0.972739401463514,0.974015342930215,0.641193623035278
0.830281164376174,0.953564058522716,0.524712097491435
1.06469986483989,0.861358535697946,0.51325774144026
0.607224098382176,1.0165853861854,0.369329188056349
0.777353016214875,0.83915418417746,0.0962912695671589
1.08701816664325,0.977768744169225,0.714209840390638
